{"cameraMode":{"drawMode":0,"name":"Shaded","section":"Shading Mode"},"sceneLighting":true,"audioPlay":false,"sceneViewState":{"showFog":true,"showMaterialUpdate":false,"showSkybox":true,"showFlares":true,"showImageEffects":true,"showParticleSystems":true},"in2DMode":false,"pivot":{"x":0.1635323017835617,"y":6.534496307373047,"z":-27.922786712646486},"rotation":{"x":-0.0002753389999270439,"y":0.8897489309310913,"z":-0.456449955701828,"w":-0.0005370683502405882},"size":46.30842971801758,"orthographic":false}