{"cameraMode":{"drawMode":0,"name":"Shaded","section":"Shading Mode"},"sceneLighting":true,"audioPlay":false,"sceneViewState":{"showFog":true,"showMaterialUpdate":false,"showSkybox":true,"showFlares":true,"showImageEffects":true,"showParticleSystems":true},"in2DMode":false,"pivot":{"x":-3.7395477294921877,"y":20.98440170288086,"z":-3.9142189025878908},"rotation":{"x":0.20835663378238679,"y":-0.5580875277519226,"z":0.14726987481117249,"w":0.7895805835723877},"size":56.894142150878909,"orthographic":false}